,dataset,num_epochs,aug,train,group,log_suffix,Train_MSE,test_MSE,test_equivar_err,val_MSE,method
0,O5Synthetic,1000,False,30,O[5],trial0/,7.2438724600942805e-06,26.298758125305177,0.35917890071868896,32.92300987243652,MLP
1,O5Synthetic,1000,False,100,O[5],trial1/,0.015718825161457062,2.670747494697571,0.09496614336967468,2.644278407096863,MLP
2,O5Synthetic,1000,False,300,O[5],trial2/,0.012458566576242447,0.2340381234884262,0.023873111233115196,0.2775159031152725,MLP
3,O5Synthetic,900,False,1000,O[5],trial3/,0.047727569937705994,0.08812658488750458,0.01564984954893589,0.07933174073696136,MLP
4,O5Synthetic,300,False,3000,O[5],trial4/,0.05061511757473151,0.0614177793264389,0.009297124575823545,0.06115855276584625,MLP
5,O5Synthetic,90,False,10000,O[5],trial5/,0.05047931373119354,0.05465139076113701,0.008498134557157755,0.05398791283369064,MLP
6,O5Synthetic,30,False,30000,O[5],trial6/,0.06295409506807724,0.06547508388757706,0.013093602377921343,0.05942818708717823,MLP
7,Inertia,1000,False,30,O[3],trial7/,4.18361700837977e-08,13.499045467376709,0.3279360979795456,13.553972244262695,MLP
8,Inertia,1000,False,100,O[3],trial8/,0.0026841498911380768,7.8267981052398685,0.225532665848732,8.101929664611816,MLP
9,Inertia,1000,False,300,O[3],trial9/,0.27925601601600647,4.870512390136719,0.16353406012058258,4.710331439971924,MLP
10,Inertia,900,False,1000,O[3],trial10/,1.2317457795143127,3.2374541759490967,0.09932122752070427,3.2167446613311768,MLP
11,Inertia,300,False,3000,O[3],trial11/,0.02381718282898267,0.8314337313175202,0.07483970001339912,0.8783155083656311,MLP
12,Inertia,90,False,10000,O[3],trial12/,0.05430499464273453,0.1556581474840641,0.03369322046637535,0.16497818380594254,MLP
13,Inertia,30,False,30000,O[3],trial13/,0.08604273696740468,0.11847282126545906,0.02887555118650198,0.10689476504921913,MLP
14,ParticleInteraction,1000,False,30,Lorentz,trial14/,0.14847008883953094,0.7350014865398407,0.06120130233466625,0.6908407807350159,MLP
15,ParticleInteraction,1000,False,100,Lorentz,trial15/,1.3591870069503784,0.7308956265449524,0.047891074791550636,0.6811690628528595,MLP
16,ParticleInteraction,1000,False,300,Lorentz,trial16/,0.022978218272328377,0.6847582548856735,0.39613841474056244,0.6588703989982605,MLP
17,ParticleInteraction,900,False,1000,Lorentz,trial17/,0.0024637612514197826,0.3842054933309555,0.31342610716819763,0.45789581537246704,MLP
18,ParticleInteraction,300,False,3000,Lorentz,trial18/,0.0028349699762960276,0.051437169313430786,0.14094726741313934,0.056830234825611115,MLP
19,ParticleInteraction,90,False,10000,Lorentz,trial19/,0.0062909034546464685,0.017509785946458578,0.06178225390613079,0.022570468485355377,MLP
20,ParticleInteraction,30,False,30000,Lorentz,trial20/,0.009897075298552712,0.01314328219741583,0.06451424024999142,0.02381847845390439,MLP
21,O5Synthetic,1000,True,30,O[5],trial21/,0.1970248967409134,0.4581791549921036,0.03412592224776745,0.4483959376811981,MLP+Aug
22,O5Synthetic,1000,True,100,O[5],trial22/,0.5632688403129578,0.3157015532255173,0.03786129131913185,0.36432357132434845,MLP+Aug
23,O5Synthetic,1000,True,300,O[5],trial23/,0.10817379504442215,0.1070653572678566,0.02026707213371992,0.1133718229830265,MLP+Aug
24,O5Synthetic,900,True,1000,O[5],trial24/,0.06980913504958153,0.05836067870259285,0.009596953634172678,0.05627141706645489,MLP+Aug
25,O5Synthetic,300,True,3000,O[5],trial25/,0.08869577447573344,0.0854022815823555,0.011858124751597643,0.0770612508058548,MLP+Aug
26,O5Synthetic,90,True,10000,O[5],trial26/,0.07237217761576176,0.07111335396766663,0.011682946234941483,0.07086889445781708,MLP+Aug
27,O5Synthetic,30,True,30000,O[5],trial27/,0.059583976057668527,0.05938257724046707,0.010151844006031752,0.05578787811100483,MLP+Aug
28,Inertia,1000,True,30,O[3],trial28/,0.2762189209461212,4.637413549423218,0.09881990775465965,4.807018995285034,MLP+Aug
29,Inertia,1000,True,100,O[3],trial29/,0.17674784362316132,1.7623468160629272,0.05502614751458168,1.4849724173545837,MLP+Aug
30,Inertia,1000,True,300,O[3],trial30/,0.1064547747373581,0.4533297628164291,0.037509648129343987,0.404795378446579,MLP+Aug
31,Inertia,900,True,1000,O[3],trial31/,0.06449627690017223,0.13068893253803254,0.02494206465780735,0.11894034966826439,MLP+Aug
32,Inertia,300,True,3000,O[3],trial32/,0.08002967884143193,0.11135817915201188,0.024497072212398052,0.11772719770669937,MLP+Aug
33,Inertia,90,True,10000,O[3],trial33/,0.10309975408017635,0.11869821399450302,0.02657636534422636,0.11796984449028969,MLP+Aug
34,Inertia,30,True,30000,O[3],trial34/,0.10546989018718401,0.10228463858366013,0.027573381550610065,0.09861673042178154,MLP+Aug
35,ParticleInteraction,1000,True,30,Lorentz,trial35/,0.03685877099633217,0.6156082063913345,0.19393037259578705,0.557232677936554,MLP+Aug
36,ParticleInteraction,1000,True,100,Lorentz,trial36/,0.03714810311794281,0.17043335288763045,0.11183534562587738,0.16248618066310883,MLP+Aug
37,ParticleInteraction,1000,True,300,Lorentz,trial37/,0.016626115888357162,0.03503680471330881,0.07510639727115631,0.036601483821868896,MLP+Aug
38,ParticleInteraction,900,True,1000,Lorentz,trial38/,0.007427520584315062,0.011390453111380339,0.05048621818423271,0.011165434028953314,MLP+Aug
39,ParticleInteraction,300,True,3000,Lorentz,trial39/,0.0121932167870303,0.011276069190353155,0.05553043819963932,0.011486336588859558,MLP+Aug
40,ParticleInteraction,90,True,10000,Lorentz,trial40/,0.01434746002778411,0.016434533521533012,0.05712186358869076,0.02112014079466462,MLP+Aug
41,ParticleInteraction,30,True,30000,Lorentz,trial41/,0.01336871525272727,0.01293243607506156,0.05842766910791397,0.013084457255899906,MLP+Aug
42,O5Synthetic,1000,False,30,O[5],trial42/,0.0010896100429818034,25.49063949584961,0.3632713705301285,34.06880760192871,MLP
43,O5Synthetic,1000,False,100,O[5],trial43/,0.006292443722486496,2.910573673248291,0.11408253386616707,3.0234397649765015,MLP
44,O5Synthetic,1000,False,300,O[5],trial44/,0.02434222400188446,0.2760382279753685,0.025088044814765453,0.3314026743173599,MLP
45,O5Synthetic,900,False,1000,O[5],trial45/,0.045978158712387085,0.08538804203271866,0.014956952072679996,0.07728417590260506,MLP
46,O5Synthetic,300,False,3000,O[5],trial46/,0.05461667167643706,0.06256692670285702,0.00967458775267005,0.06514099799096584,MLP
47,O5Synthetic,90,False,10000,O[5],trial47/,0.060879646241664885,0.06511013619601727,0.010879018809646368,0.06262199766933918,MLP
48,O5Synthetic,30,False,30000,O[5],trial48/,0.05979757755994797,0.0640420712530613,0.009866238106042147,0.05840065889060497,MLP
49,Inertia,1000,False,30,O[3],trial49/,5.559457302093506,13.294329738616943,0.2395520955324173,13.484613418579102,MLP
50,Inertia,1000,False,100,O[3],trial50/,0.016629790887236595,7.984532403945923,0.22842951864004135,8.277606725692749,MLP
51,Inertia,1000,False,300,O[3],trial51/,0.18559908866882324,5.129519605636597,0.17479462176561356,4.97367525100708,MLP
52,Inertia,900,False,1000,O[3],trial52/,1.4142718315124512,3.2379845142364503,0.10137984156608582,3.2997370958328247,MLP
53,Inertia,300,False,3000,O[3],trial53/,0.026987042278051376,0.8720465779304505,0.0785747841000557,0.9070569276809692,MLP
54,Inertia,90,False,10000,O[3],trial54/,0.04801052939146757,0.15880474001169204,0.03194509074091911,0.15403301268815994,MLP
55,Inertia,30,False,30000,O[3],trial55/,0.07932268703977267,0.10822520107030868,0.026843649335205555,0.10368050262331963,MLP
56,ParticleInteraction,1000,False,30,Lorentz,trial56/,0.14302490651607513,0.7333659708499909,0.07179651409387589,0.6857055425643921,MLP
57,ParticleInteraction,1000,False,100,Lorentz,trial57/,1.3546291589736938,0.7340325653553009,0.06552379205822945,0.6863265633583069,MLP
58,ParticleInteraction,1000,False,300,Lorentz,trial58/,0.015450255945324898,0.7038267493247986,0.3949146568775177,0.6673784554004669,MLP
59,ParticleInteraction,900,False,1000,Lorentz,trial59/,0.0006227586418390274,0.3855897694826126,0.3384588360786438,0.4257475435733795,MLP
60,ParticleInteraction,300,False,3000,Lorentz,trial60/,0.00312601161810259,0.054278521239757536,0.15259353816509247,0.050133638083934784,MLP
61,ParticleInteraction,90,False,10000,Lorentz,trial61/,0.004623597068712115,0.016620414890348913,0.05404539778828621,0.020835491362959146,MLP
62,ParticleInteraction,30,False,30000,Lorentz,trial62/,0.00972889547701925,0.012081103306263686,0.06443069875240326,0.01930145174264908,MLP
63,O5Synthetic,1000,True,30,O[5],trial63/,0.24780863523483276,0.6112281799316406,0.04593156836926937,0.6123877465724945,MLP+Aug
64,O5Synthetic,1000,True,100,O[5],trial64/,0.8920860886573792,0.3332465410232544,0.0331912599503994,0.3451782166957855,MLP+Aug
65,O5Synthetic,1000,True,300,O[5],trial65/,0.07664971798658371,0.09349419996142387,0.016301117837429047,0.10988632962107658,MLP+Aug
66,O5Synthetic,900,True,1000,O[5],trial66/,0.07848283275961876,0.07139832451939583,0.013134583365172148,0.06534335389733315,MLP+Aug
67,O5Synthetic,300,True,3000,O[5],trial67/,0.10985366255044937,0.10157927349209786,0.01782217901200056,0.085001390427351,MLP+Aug
68,O5Synthetic,90,True,10000,O[5],trial68/,0.07817697003483773,0.07593042030930519,0.014185951091349125,0.07107478007674217,MLP+Aug
69,O5Synthetic,30,True,30000,O[5],trial69/,0.07723606005311012,0.07411257475614548,0.01159070385619998,0.06974707543849945,MLP+Aug
70,Inertia,1000,True,30,O[3],trial70/,0.40415439009666443,4.684532403945923,0.10001219809055328,4.7965497970581055,MLP+Aug
71,Inertia,1000,True,100,O[3],trial71/,0.14709553122520447,1.733225405216217,0.053306469693779945,1.4961839318275452,MLP+Aug
72,Inertia,1000,True,300,O[3],trial72/,0.10836870968341827,0.47116996347904205,0.03766566514968872,0.41734664142131805,MLP+Aug
73,Inertia,900,True,1000,O[3],trial73/,0.060718147084116936,0.12308399975299836,0.02308584749698639,0.11737295612692833,MLP+Aug
74,Inertia,300,True,3000,O[3],trial74/,0.08703791474302609,0.11453398689627647,0.025719348341226578,0.11978382989764214,MLP+Aug
75,Inertia,90,True,10000,O[3],trial75/,0.10093085505068303,0.10969652608036995,0.02659340389072895,0.11577987670898438,MLP+Aug
76,Inertia,30,True,30000,O[3],trial76/,0.11228806426127752,0.11386128291487693,0.026911702938377857,0.10412076488137245,MLP+Aug
77,ParticleInteraction,1000,True,30,Lorentz,trial77/,0.05430355295538902,0.6369201302528381,0.17575753480196,0.5700403153896332,MLP+Aug
78,ParticleInteraction,1000,True,100,Lorentz,trial78/,0.06629815697669983,0.1791983127593994,0.14740192145109177,0.1934024542570114,MLP+Aug
79,ParticleInteraction,1000,True,300,Lorentz,trial79/,0.013350279070436954,0.037044188007712364,0.07644880563020706,0.047171943821012974,MLP+Aug
80,ParticleInteraction,900,True,1000,Lorentz,trial80/,0.008271002676337957,0.012901708483695984,0.04803057201206684,0.011355251539498568,MLP+Aug
81,ParticleInteraction,300,True,3000,Lorentz,trial81/,0.00950009849232932,0.010580569226294755,0.04675254225730896,0.010236379224807024,MLP+Aug
82,ParticleInteraction,90,True,10000,Lorentz,trial82/,0.011543181003071367,0.01255208719521761,0.05562572740018368,0.018911526072770357,MLP+Aug
83,ParticleInteraction,30,True,30000,Lorentz,trial83/,0.01152134380924205,0.011335779912769794,0.062216924503445625,0.012471222784370184,MLP+Aug
84,O5Synthetic,1000,False,30,O[5],trial84/,2.602054109956953e-07,32.513870811462404,0.432650625705719,42.119232177734375,MLP
85,O5Synthetic,1000,False,100,O[5],trial85/,0.0083601213991642,2.9104711771011353,0.10219741985201836,3.0804600715637207,MLP
86,O5Synthetic,1000,False,300,O[5],trial86/,0.012557771056890488,0.23457496911287307,0.029714920558035374,0.2713587135076523,MLP
87,O5Synthetic,900,False,1000,O[5],trial87/,0.038210880011320114,0.09420262202620507,0.016338921152055264,0.07799499481916428,MLP
88,O5Synthetic,300,False,3000,O[5],trial88/,0.04739456127087275,0.06302045583724976,0.011170634534209967,0.061156636103987694,MLP
89,O5Synthetic,90,False,10000,O[5],trial89/,0.06117208804935217,0.06501574106514454,0.011552651412785053,0.06455187499523163,MLP
90,O5Synthetic,30,False,30000,O[5],trial90/,0.05865573057283958,0.0572004746645689,0.009218142367899418,0.05313646234571934,MLP
91,Inertia,1000,False,30,O[3],trial91/,3.470578670501709,13.488458251953125,0.27116166055202484,13.549773693084717,MLP
92,Inertia,1000,False,100,O[3],trial92/,0.0785399079322815,7.9130651473999025,0.21948809176683426,8.187076568603516,MLP
93,Inertia,1000,False,300,O[3],trial93/,0.3790637254714966,4.806438207626343,0.1608707383275032,4.755732536315918,MLP
94,Inertia,900,False,1000,O[3],trial94/,1.4105068445205688,3.2323532104492188,0.09984350576996803,3.1940895318984985,MLP
95,Inertia,300,False,3000,O[3],trial95/,0.01587417908012867,0.8156488478183747,0.07438891753554344,0.8887477815151215,MLP
96,Inertia,90,False,10000,O[3],trial96/,0.04855293929576874,0.14669602885842323,0.032593272626399994,0.1657893806695938,MLP
97,Inertia,30,False,30000,O[3],trial97/,0.08054087062676747,0.10832410678267479,0.02778809331357479,0.10532667115330696,MLP
98,ParticleInteraction,1000,False,30,Lorentz,trial98/,0.14378036558628082,0.7314077496528626,0.05457164905965328,0.6846274733543396,MLP
99,ParticleInteraction,1000,False,100,Lorentz,trial99/,1.3723558187484741,0.7339897453784943,0.06523072347044945,0.6883102655410767,MLP
100,ParticleInteraction,1000,False,300,Lorentz,trial100/,0.010202450677752495,0.7037198573350907,0.3838226646184921,0.6540564894676208,MLP
101,ParticleInteraction,900,False,1000,Lorentz,trial101/,0.00728755327872932,0.322124120593071,0.3010633587837219,0.3669186979532242,MLP
102,ParticleInteraction,300,False,3000,Lorentz,trial102/,0.003407390283731123,0.04539604559540748,0.13042175024747849,0.04758918657898903,MLP
103,ParticleInteraction,90,False,10000,Lorentz,trial103/,0.0050798492738977075,0.01580023830756545,0.06591922417283058,0.018019151408225298,MLP
104,ParticleInteraction,30,False,30000,Lorentz,trial104/,0.008294672581056754,0.010757230035960675,0.060443269088864326,0.018145890440791845,MLP
105,O5Synthetic,1000,True,30,O[5],trial105/,0.2685048282146454,0.3581333324313164,0.026859515346586704,0.3852642774581909,MLP+Aug
106,O5Synthetic,1000,True,100,O[5],trial106/,0.4492034912109375,0.5428203165531158,0.04923676699399948,0.49913620948791504,MLP+Aug
107,O5Synthetic,1000,True,300,O[5],trial107/,0.07378038018941879,0.0802934281527996,0.014310779515653849,0.08719944953918457,MLP+Aug
108,O5Synthetic,900,True,1000,O[5],trial108/,0.0705847479403019,0.06025482304394245,0.010122808162122965,0.057961953803896904,MLP+Aug
109,O5Synthetic,300,True,3000,O[5],trial109/,0.09081241115927696,0.07974956035614014,0.014169936068356037,0.07075516507029533,MLP+Aug
110,O5Synthetic,90,True,10000,O[5],trial110/,0.0629035947844386,0.06344928368926048,0.009467185474932194,0.06081702001392841,MLP+Aug
111,O5Synthetic,30,True,30000,O[5],trial111/,0.06994061836351952,0.0681064922362566,0.011850631795823574,0.06254025734961033,MLP+Aug
112,Inertia,1000,True,30,O[3],trial112/,0.12377472966909409,4.608041000366211,0.0971725583076477,4.773139238357544,MLP+Aug
113,Inertia,1000,True,100,O[3],trial113/,0.14979909360408783,1.8582781672477722,0.05311307869851589,1.5538493990898132,MLP+Aug
114,Inertia,1000,True,300,O[3],trial114/,0.11022008955478668,0.46616668701171876,0.03714426979422569,0.40097689628601074,MLP+Aug
115,Inertia,900,True,1000,O[3],trial115/,0.06717248633503914,0.13642240613698958,0.025157462805509567,0.12787092849612236,MLP+Aug
116,Inertia,300,True,3000,O[3],trial116/,0.08232163016994794,0.10955317839980125,0.024595153518021107,0.11892969533801079,MLP+Aug
117,Inertia,90,True,10000,O[3],trial117/,0.0991211760789156,0.10705057606101036,0.025962993502616882,0.10801464319229126,MLP+Aug
118,Inertia,30,True,30000,O[3],trial118/,0.10114041393001874,0.1031109370291233,0.02642131596803665,0.09460198506712914,MLP+Aug
119,ParticleInteraction,1000,True,30,Lorentz,trial119/,0.01636541821062565,0.6297687113285064,0.17594271153211594,0.5598567128181458,MLP+Aug
120,ParticleInteraction,1000,True,100,Lorentz,trial120/,0.06000224128365517,0.22082609087228774,0.16648539900779724,0.22321803867816925,MLP+Aug
121,ParticleInteraction,1000,True,300,Lorentz,trial121/,0.018010837957262993,0.04689026232808828,0.08264648541808128,0.047490596771240234,MLP+Aug
122,ParticleInteraction,900,True,1000,Lorentz,trial122/,0.008652808144688606,0.013272383715957403,0.05207809805870056,0.012817696668207645,MLP+Aug
123,ParticleInteraction,300,True,3000,Lorentz,trial123/,0.013700107034916678,0.010644884407520294,0.0539204366505146,0.010008033132180572,MLP+Aug
124,ParticleInteraction,90,True,10000,Lorentz,trial124/,0.009528901311568916,0.011286081979051232,0.041796762496232986,0.01625921786762774,MLP+Aug
125,ParticleInteraction,30,True,30000,Lorentz,trial125/,0.012348283796260755,0.011018960829824209,0.05844283662736416,0.01648028939962387,MLP+Aug
0,O5Synthetic,1000,,30,SO[5],trial0/,0.0362139455974102,0.13340409398078917,1.3012341071316769e-07,0.1635637730360031,EMLP-SO(5)
1,O5Synthetic,1000,,100,SO[5],trial1/,0.036920368671417236,0.0418653279542923,1.374023383959866e-07,0.049095846712589264,EMLP-SO(5)
2,O5Synthetic,1000,,300,SO[5],trial2/,0.0334927998483181,0.03950063399970531,1.3444994095834772e-07,0.04897538386285305,EMLP-SO(5)
3,O5Synthetic,900,,1000,SO[5],trial3/,0.023059525527060032,0.02551775723695755,1.3620035588246537e-07,0.025530592538416386,EMLP-SO(5)
4,O5Synthetic,300,,3000,SO[5],trial4/,0.028083312325179577,0.027756170742213725,1.2301339324949367e-07,0.027587762102484703,EMLP-SO(5)
5,O5Synthetic,90,,10000,SO[5],trial5/,0.02211241899058223,0.02107382845133543,1.251662169465817e-07,0.02050177287310362,EMLP-SO(5)
6,O5Synthetic,30,,30000,SO[5],trial6/,0.028200663253664972,0.026278288289904594,1.3608261895114993e-07,0.021425818093121052,EMLP-SO(5)
7,O5Synthetic,1000,,30,O[5],trial7/,0.05417151376605034,0.23899839743971824,1.0670378358668131e-07,0.23594140261411667,EMLP-O(5)
8,O5Synthetic,1000,,100,O[5],trial8/,0.0356336385011673,0.03957400508224964,1.180520570187582e-07,0.04847050830721855,EMLP-O(5)
9,O5Synthetic,1000,,300,O[5],trial9/,0.02796395868062973,0.03433746136724949,1.2727083742447576e-07,0.04225294664502144,EMLP-O(5)
10,O5Synthetic,900,,1000,O[5],trial10/,0.021644256077706814,0.02266394319012761,1.1819303935567405e-07,0.022519678808748722,EMLP-O(5)
11,O5Synthetic,300,,3000,O[5],trial11/,0.02000578958541155,0.02305379379540682,1.2894283685227492e-07,0.02671549003571272,EMLP-O(5)
12,O5Synthetic,90,,10000,O[5],trial12/,0.007600936107337475,0.008683708775788546,1.245446270559114e-07,0.009027008432894945,EMLP-O(5)
13,O5Synthetic,30,,30000,O[5],trial13/,0.021812370559200645,0.02079863417893648,1.1886898931834367e-07,0.01808615494519472,EMLP-O(5)
14,O5Synthetic,1000,,30,SO[5],trial14/,0.039241641759872437,0.09785078018903733,1.5158467903120254e-07,0.1083250641822815,EMLP-SO(5)
15,O5Synthetic,1000,,100,SO[5],trial15/,0.039130281656980515,0.04167796932160854,1.4608588116971077e-07,0.05014021135866642,EMLP-SO(5)
16,O5Synthetic,1000,,300,SO[5],trial16/,0.03053162805736065,0.036791365779936316,1.328737582184658e-07,0.045320063829422,EMLP-SO(5)
17,O5Synthetic,900,,1000,SO[5],trial17/,0.00636015017516911,0.0076892752666026356,1.3801042797467744e-07,0.009434202685952187,EMLP-SO(5)
18,O5Synthetic,300,,3000,SO[5],trial18/,0.038405000853041805,0.03684771507978439,1.2561616813400178e-07,0.032452113926410675,EMLP-SO(5)
19,O5Synthetic,90,,10000,SO[5],trial19/,0.023802845552563668,0.023348738066852094,1.2382946579236886e-07,0.023522106930613518,EMLP-SO(5)
20,O5Synthetic,30,,30000,SO[5],trial20/,0.027821262429157893,0.026439496874809267,1.4894105504481558e-07,0.021902602165937424,EMLP-SO(5)
21,O5Synthetic,1000,,30,O[5],trial21/,0.03298141807317734,0.10995712354779244,1.2873831423121374e-07,0.12809844315052032,EMLP-O(5)
22,O5Synthetic,1000,,100,O[5],trial22/,0.0369785875082016,0.039645472168922426,1.2588969866556e-07,0.04778764396905899,EMLP-O(5)
23,O5Synthetic,1000,,300,O[5],trial23/,0.033060263842344284,0.03755956310778856,1.201374644210773e-07,0.0453399159014225,EMLP-O(5)
24,O5Synthetic,900,,1000,O[5],trial24/,0.01688628736883402,0.016334396600723267,1.2462923848488572e-07,0.013346475083380938,EMLP-O(5)
25,O5Synthetic,300,,3000,O[5],trial25/,0.03438909724354744,0.03345993999391794,1.3000967413745457e-07,0.03060699626803398,EMLP-O(5)
26,O5Synthetic,90,,10000,O[5],trial26/,0.004505160020198673,0.005670071952044964,1.196481207443867e-07,0.005612730281427503,EMLP-O(5)
27,O5Synthetic,30,,30000,O[5],trial27/,0.028474546068658433,0.026454129628837107,1.1588272030849112e-07,0.021014956757426262,EMLP-O(5)
28,O5Synthetic,1000,,30,SO[5],trial28/,0.042617861181497574,0.09948970451951027,1.425761979589879e-07,0.10612968355417252,EMLP-SO(5)
29,O5Synthetic,1000,,100,SO[5],trial29/,0.03860326111316681,0.040944671630859374,1.2668534310478208e-07,0.0499936081469059,EMLP-SO(5)
30,O5Synthetic,1000,,300,SO[5],trial30/,0.032617393881082535,0.03900653272867203,1.385449479585077e-07,0.046974653378129005,EMLP-SO(5)
31,O5Synthetic,900,,1000,SO[5],trial31/,0.022568732500076294,0.026137666776776314,1.263439344256767e-07,0.025267768651247025,EMLP-SO(5)
32,O5Synthetic,300,,3000,SO[5],trial32/,0.03293369306872288,0.03133469987660646,1.3922228703222572e-07,0.028253638185560703,EMLP-SO(5)
33,O5Synthetic,90,,10000,SO[5],trial33/,0.02511110557243228,0.024836241081357003,1.2643582536497888e-07,0.025270783342421055,EMLP-SO(5)
34,O5Synthetic,30,,30000,SO[5],trial34/,0.03170984455694755,0.030911839567124844,1.3749149729846977e-07,0.02621643152087927,EMLP-SO(5)
35,O5Synthetic,1000,,30,O[5],trial35/,0.0391501821577549,0.10689344331622123,1.1669364496924572e-07,0.1145649254322052,EMLP-O(5)
36,O5Synthetic,1000,,100,O[5],trial36/,0.038083042949438095,0.043213102221488955,1.3655552777436242e-07,0.054646845906972885,EMLP-O(5)
37,O5Synthetic,1000,,300,O[5],trial37/,0.03005131334066391,0.03135145306587219,1.290042952462045e-07,0.03722461871802807,EMLP-O(5)
38,O5Synthetic,900,,1000,O[5],trial38/,0.012697419617325068,0.012046400643885135,1.2850071584580292e-07,0.01115419901907444,EMLP-O(5)
39,O5Synthetic,300,,3000,O[5],trial39/,0.038126979023218155,0.03658599462360144,1.2294755435959814e-07,0.03275754861533642,EMLP-O(5)
40,O5Synthetic,90,,10000,O[5],trial40/,0.024627737561240794,0.0244999922811985,1.2025351381339533e-07,0.02490113489329815,EMLP-O(5)
41,O5Synthetic,30,,30000,O[5],trial41/,0.0346658019348979,0.034530782140791416,1.2203817334466294e-07,0.029022466391324997,EMLP-O(5)
0,Inertia,1000,,30,SO[3],trial0/,0.0038144420832395554,4.738142251968384,3.104585744040378e-07,5.087656021118164,EMLP-SO(3)
1,Inertia,1000,,100,SO[3],trial1/,0.06216439977288246,1.051050704717636,2.9269826029576507e-07,0.8412446975708008,EMLP-SO(3)
2,Inertia,1000,,300,SO[3],trial2/,0.011116043664515018,0.24867604523897172,3.775748780299182e-07,0.2418835610151291,EMLP-SO(3)
3,Inertia,900,,1000,SO[3],trial3/,0.012067988980561495,0.05995545424520969,3.332738032213456e-07,0.06172794662415981,EMLP-SO(3)
4,Inertia,300,,3000,SO[3],trial4/,0.009193639270961285,0.028566311486065386,5.297024756600877e-07,0.026396925561130047,EMLP-SO(3)
5,Inertia,90,,10000,SO[3],trial5/,0.01535373623482883,0.02046473752707243,3.4406392046548717e-07,0.022755375131964684,EMLP-SO(3)
6,Inertia,30,,30000,SO[3],trial6/,0.014756166376173496,0.016403690539300443,3.1159842706074414e-07,0.014866423793137074,EMLP-SO(3)
7,Inertia,1000,,30,O[3],trial7/,0.02508680522441864,3.8298829078674315,1.9131081785417337e-07,4.303528785705566,EMLP-O(3)
8,Inertia,1000,,100,O[3],trial8/,0.014062848873436451,1.2705442368984223,2.0520810295465708e-07,1.048955112695694,EMLP-O(3)
9,Inertia,1000,,300,O[3],trial9/,0.026524443179368973,0.33014288544654846,1.7394013696048205e-07,0.316767618060112,EMLP-O(3)
10,Inertia,900,,1000,O[3],trial10/,0.010733110830187798,0.0747589472681284,1.8431598647339342e-07,0.05999378673732281,EMLP-O(3)
11,Inertia,300,,3000,O[3],trial11/,0.009675781552990278,0.030180799029767513,1.9211406510066809e-07,0.030500022694468498,EMLP-O(3)
12,Inertia,90,,10000,O[3],trial12/,0.013808311941102148,0.01962537057697773,2.1828137874990716e-07,0.024063097313046455,EMLP-O(3)
13,Inertia,30,,30000,O[3],trial13/,0.013382990611717105,0.01597824236378074,1.9568914666479031e-07,0.01383180869743228,EMLP-O(3)
14,Inertia,1000,,30,SO[3],trial14/,0.0028205737471580505,8.010423183441162,3.1584092141656583e-07,8.29441785812378,EMLP-SO(3)
15,Inertia,1000,,100,SO[3],trial15/,0.004887267015874386,1.0878479301929473,2.485093659743143e-07,0.9446463882923126,EMLP-SO(3)
16,Inertia,1000,,300,SO[3],trial16/,0.008888324722647667,0.43145124018192293,3.7980274214532983e-07,0.24260742217302322,EMLP-SO(3)
17,Inertia,900,,1000,SO[3],trial17/,0.007998631335794926,0.05850762724876404,2.4364190664982743e-07,0.05376537702977657,EMLP-SO(3)
18,Inertia,300,,3000,SO[3],trial18/,0.013920624585201343,0.033925683982670304,3.9877932067611255e-07,0.03243213053792715,EMLP-SO(3)
19,Inertia,90,,10000,SO[3],trial19/,0.012478576926514506,0.018556741438806056,3.6014986903865065e-07,0.024238836020231247,EMLP-SO(3)
20,Inertia,30,,30000,SO[3],trial20/,0.012938854144886136,0.014981761109083891,3.3153727940771205e-07,0.014138450846076012,EMLP-SO(3)
21,Inertia,1000,,30,O[3],trial21/,0.037439361214637756,4.535775804519654,1.8596833228912146e-07,4.9089295864105225,EMLP-O(3)
22,Inertia,1000,,100,O[3],trial22/,0.009531237185001373,1.0598506331443787,2.090145372335428e-07,0.8497461974620819,EMLP-O(3)
23,Inertia,1000,,300,O[3],trial23/,0.010194437578320503,0.3476666688919067,2.2304396196659582e-07,0.28177841007709503,EMLP-O(3)
24,Inertia,900,,1000,O[3],trial24/,0.018115763552486897,0.1641466312110424,2.1883092671259874e-07,0.08271481841802597,EMLP-O(3)
25,Inertia,300,,3000,O[3],trial25/,0.01120253698900342,0.028141015395522117,2.836214747503618e-07,0.0385272242128849,EMLP-O(3)
26,Inertia,90,,10000,O[3],trial26/,0.012328643165528775,0.017853863816708327,2.3030644769050923e-07,0.018591642379760742,EMLP-O(3)
27,Inertia,30,,30000,O[3],trial27/,0.013006508241718014,0.014280478656291961,2.008451644996967e-07,0.01254813326522708,EMLP-O(3)
28,Inertia,1000,,30,SO[3],trial28/,0.01643173024058342,7.988679313659668,4.5988419117293233e-07,7.37041449546814,EMLP-SO(3)
29,Inertia,1000,,100,SO[3],trial29/,0.028410710394382477,1.3514271676540375,4.667020192528071e-07,0.8753437995910645,EMLP-SO(3)
30,Inertia,1000,,300,SO[3],trial30/,0.017703058198094368,0.2668967038393021,2.8073252167359897e-07,0.20706775039434433,EMLP-SO(3)
31,Inertia,900,,1000,SO[3],trial31/,0.007282132050022483,0.06268060579895973,2.1876085298799808e-07,0.06893861293792725,EMLP-SO(3)
32,Inertia,300,,3000,SO[3],trial32/,0.00880052304516236,0.024685862846672534,3.896705607076001e-07,0.029676751233637333,EMLP-SO(3)
33,Inertia,90,,10000,SO[3],trial33/,0.01091985460370779,0.016566416807472707,2.5563066685663216e-07,0.017303180415183306,EMLP-SO(3)
34,Inertia,30,,30000,SO[3],trial34/,0.01321657986069719,0.01450992738828063,3.51760050421035e-07,0.014053845778107643,EMLP-SO(3)
35,Inertia,1000,,30,O[3],trial35/,0.007363615091890097,3.9521676301956177,2.950935282797218e-07,4.383532285690308,EMLP-O(3)
36,Inertia,1000,,100,O[3],trial36/,0.006526612211018801,1.9872914671897888,2.1799697691449182e-07,1.0651976466178894,EMLP-O(3)
37,Inertia,1000,,300,O[3],trial37/,0.012819268740713596,0.23267366886138915,2.0589363458611842e-07,0.20434065163135529,EMLP-O(3)
38,Inertia,900,,1000,O[3],trial38/,0.00912167364731431,0.1692343581467867,1.8373565069396136e-07,0.14994587749242783,EMLP-O(3)
39,Inertia,300,,3000,O[3],trial39/,0.010904411630084118,0.026127871684730054,2.2940122335057822e-07,0.028993962332606316,EMLP-O(3)
40,Inertia,90,,10000,O[3],trial40/,0.011720021395012737,0.016513495426625013,2.2761211937449843e-07,0.01615761313587427,EMLP-O(3)
41,Inertia,30,,30000,O[3],trial41/,0.011128200326735775,0.012027144711464644,1.940217657647736e-07,0.011603472288697958,EMLP-O(3)
0,ParticleInteraction,1000,,30,SO13p,trial0/,0.00500550027936697,0.5183407604694367,0.0003981353365816176,0.5145076662302017,"EMLP-SO$^+$(1,3)"
1,ParticleInteraction,1000,,100,SO13p,trial1/,0.0008431625901721418,0.017650318145751954,3.876225918020282e-07,0.011109874118119478,"EMLP-SO$^+$(1,3)"
2,ParticleInteraction,1000,,300,SO13p,trial2/,0.00011496831575641409,0.0025262303999625145,0.0022440007887780666,0.005380929913371801,"EMLP-SO$^+$(1,3)"
3,ParticleInteraction,900,,1000,SO13p,trial3/,0.00010513541565160267,0.0003341991017805412,0.0014254124835133553,0.00031184729596134275,"EMLP-SO$^+$(1,3)"
4,ParticleInteraction,300,,3000,SO13p,trial4/,0.00011379920761100948,0.00021257270564092323,0.00060417375061661,0.00016068547847680748,"EMLP-SO$^+$(1,3)"
5,ParticleInteraction,90,,10000,SO13p,trial5/,9.482119130552747e-05,0.00015290933661162853,3.077190768863147e-07,8.010398960323073e-05,"EMLP-SO$^+$(1,3)"
6,ParticleInteraction,30,,30000,SO13p,trial6/,0.00022176759084686638,0.00024359827511943877,0.0009394071239512414,0.00023585779126733541,"EMLP-SO$^+$(1,3)"
7,ParticleInteraction,1000,,30,SO13,trial7/,0.0013272261712700129,0.4651787728071213,0.02693065721541643,0.43595972657203674,"EMLP-SO(1,3)"
8,ParticleInteraction,1000,,100,SO13,trial8/,0.0005412297905422747,0.0077931246720254425,5.565884464431292e-07,0.008438790449872613,"EMLP-SO(1,3)"
9,ParticleInteraction,1000,,300,SO13,trial9/,0.00014678774459753186,0.002488900697790086,0.004414183786138892,0.0027867074823006988,"EMLP-SO(1,3)"
10,ParticleInteraction,900,,1000,SO13,trial10/,0.0001085270159819629,0.00036870385374641044,7.192857265181374e-05,0.00042544167081359774,"EMLP-SO(1,3)"
11,ParticleInteraction,300,,3000,SO13,trial11/,0.00014367917659304416,0.00023096253717085345,0.0014285098877735436,0.0001823525526560843,"EMLP-SO(1,3)"
12,ParticleInteraction,90,,10000,SO13,trial12/,0.00015249510615831242,0.00019672531489050015,0.0013160560047253966,0.0001567726649227552,"EMLP-SO(1,3)"
13,ParticleInteraction,30,,30000,SO13,trial13/,0.00013588887910979489,0.00016493510629516094,0.0006940373568795621,0.00016925439558690414,"EMLP-SO(1,3)"
14,ParticleInteraction,1000,,30,O13,trial14/,0.004397982731461525,0.5243898659944535,1.1803896086348686e-05,0.5258815884590149,"EMLP-O(1,3)"
15,ParticleInteraction,1000,,100,O13,trial15/,0.0005057481466792524,0.006733835861086846,0.006528392666950822,0.009062614524737,"EMLP-O(1,3)"
16,ParticleInteraction,1000,,300,O13,trial16/,9.162871720036492e-05,0.0019885312824044375,0.0029050977900624275,0.002036472666077316,"EMLP-O(1,3)"
17,ParticleInteraction,900,,1000,O13,trial17/,6.371015479089692e-05,0.0002947211352875456,0.001337182882707566,0.00046976536395959556,"EMLP-O(1,3)"
18,ParticleInteraction,300,,3000,O13,trial18/,0.00012122373300371692,0.00018326880963286384,0.0005795338947791606,0.00017872177704703063,"EMLP-O(1,3)"
19,ParticleInteraction,90,,10000,O13,trial19/,0.0001863707548181992,0.00029771315312245863,0.00020229033543728292,0.00015580750914523378,"EMLP-O(1,3)"
20,ParticleInteraction,30,,30000,O13,trial20/,0.00015137142969858056,0.00017201016380568034,1.6015902474464383e-05,0.00017671649402473122,"EMLP-O(1,3)"
21,ParticleInteraction,1000,,30,SO13p,trial21/,0.027411222457885742,0.4960767447948456,0.033146330155432224,0.4450324922800064,"EMLP-SO$^+$(1,3)"
22,ParticleInteraction,1000,,100,SO13p,trial22/,0.0007322277524508536,0.010609201155602932,0.002692030626349151,0.01246974803507328,"EMLP-SO$^+$(1,3)"
23,ParticleInteraction,1000,,300,SO13p,trial23/,0.00010912668949458748,0.0014212938374839723,3.0283442356449086e-05,0.001868591149104759,"EMLP-SO$^+$(1,3)"
24,ParticleInteraction,900,,1000,SO13p,trial24/,0.00010735814066720195,0.0004325732326833531,2.9926203524155426e-06,0.0006222546799108386,"EMLP-SO$^+$(1,3)"
25,ParticleInteraction,300,,3000,SO13p,trial25/,0.0001307340559530227,0.00016317851695930586,0.00019763564341701567,0.00022303801961243153,"EMLP-SO$^+$(1,3)"
26,ParticleInteraction,90,,10000,SO13p,trial26/,0.0001603112104930915,0.00022510201088152826,0.00025721379643073305,0.0001717909617582336,"EMLP-SO$^+$(1,3)"
27,ParticleInteraction,30,,30000,SO13p,trial27/,0.00014047990068017196,0.00016746943292673678,0.0011533445212990046,0.00015640528727089986,"EMLP-SO$^+$(1,3)"
28,ParticleInteraction,1000,,30,SO13,trial28/,0.03457681089639664,0.5170748561620713,0.003041708725504577,0.4632815718650818,"EMLP-SO(1,3)"
29,ParticleInteraction,1000,,100,SO13,trial29/,0.000544018461368978,0.008862301195040344,1.872826942417305e-05,0.00670384825207293,"EMLP-SO(1,3)"
30,ParticleInteraction,1000,,300,SO13,trial30/,9.651882282923907e-05,0.0023329216812271623,0.0012223405647091568,0.0032841041102074087,"EMLP-SO(1,3)"
31,ParticleInteraction,900,,1000,SO13,trial31/,0.00019032945419894531,0.0005225410510320217,0.0007140137313399464,0.0005687816155841574,"EMLP-SO(1,3)"
32,ParticleInteraction,300,,3000,SO13,trial32/,0.00018049135299709937,0.00029021293739788233,0.0010809851810336113,0.0002356146796955727,"EMLP-SO(1,3)"
33,ParticleInteraction,90,,10000,SO13,trial33/,0.00013869116373825817,0.0002059835947875399,0.0010159170778933913,0.00015594801516272128,"EMLP-SO(1,3)"
34,ParticleInteraction,30,,30000,SO13,trial34/,0.0002275499845078836,0.00022936983150430025,0.0014597030822187662,0.0004312450473662466,"EMLP-SO(1,3)"
35,ParticleInteraction,1000,,30,O13,trial35/,0.026394203305244446,0.5225482076406479,1.1383241016460488e-07,0.4668508470058441,"EMLP-O(1,3)"
36,ParticleInteraction,1000,,100,O13,trial36/,0.00024694937746971846,0.0075067226774990555,0.007721498375758529,0.007024717750027776,"EMLP-O(1,3)"
37,ParticleInteraction,1000,,300,O13,trial37/,9.121830953517929e-05,0.0021440606273245067,0.0005034130299463868,0.007661720737814903,"EMLP-O(1,3)"
38,ParticleInteraction,900,,1000,O13,trial38/,0.00011599378558457829,0.0003038543174625374,0.0012659576605074108,0.00028326390020083636,"EMLP-O(1,3)"
39,ParticleInteraction,300,,3000,O13,trial39/,0.0001630331292593231,0.0003445749214733951,0.0009252388845197856,0.0003787405730690807,"EMLP-O(1,3)"
40,ParticleInteraction,90,,10000,O13,trial40/,0.0001744179884553887,0.00022997056075837463,0.0007348678191192448,0.00027134051197208464,"EMLP-O(1,3)"
41,ParticleInteraction,30,,30000,O13,trial41/,0.0001305582167939671,0.00013594969714176842,0.0008177486306522042,0.00013407023652689531,"EMLP-O(1,3)"
42,ParticleInteraction,1000,,30,SO13p,trial42/,0.002073603682219982,0.3616928204894066,6.161372039059643e-05,0.35043977200984955,"EMLP-SO$^+$(1,3)"
43,ParticleInteraction,1000,,100,SO13p,trial43/,0.00035723630571737885,0.00977557199075818,0.0014510797336697578,0.010542945470660925,"EMLP-SO$^+$(1,3)"
44,ParticleInteraction,1000,,300,SO13p,trial44/,0.00011635533883236349,0.002689715416636318,2.8524814865704684e-07,0.0071581637021154165,"EMLP-SO$^+$(1,3)"
45,ParticleInteraction,900,,1000,SO13p,trial45/,8.59692954691127e-05,0.0002227853547083214,0.0007109928410500288,0.00023024327674647793,"EMLP-SO$^+$(1,3)"
46,ParticleInteraction,300,,3000,SO13p,trial46/,0.0002186121855629608,0.00029534414352383465,0.001614017237443477,0.00032712101528886706,"EMLP-SO$^+$(1,3)"
47,ParticleInteraction,90,,10000,SO13p,trial47/,0.00015528526419075205,0.00021994207199895754,0.0018277111812494695,0.00018528970394982025,"EMLP-SO$^+$(1,3)"
48,ParticleInteraction,30,,30000,SO13p,trial48/,0.00016597675130469725,0.00018426033639116213,0.000684446917148307,0.0001674024315434508,"EMLP-SO$^+$(1,3)"
49,ParticleInteraction,1000,,30,SO13,trial49/,0.0066184853203594685,0.5504257827997208,0.07225599139928818,0.5233950912952423,"EMLP-SO(1,3)"
50,ParticleInteraction,1000,,100,SO13,trial50/,0.0005822553066536784,0.027548456378281117,0.019156052265316248,0.02960008941590786,"EMLP-SO(1,3)"
51,ParticleInteraction,1000,,300,SO13,trial51/,0.0001779708982212469,0.0029141696402803065,0.0022674950305372477,0.004880494205281138,"EMLP-SO(1,3)"
52,ParticleInteraction,900,,1000,SO13,trial52/,6.413731534848921e-05,0.00021597441955236718,0.0002377793425694108,0.000282095730653964,"EMLP-SO(1,3)"
53,ParticleInteraction,300,,3000,SO13,trial53/,0.00017414315031298125,0.00029771589470328763,0.0015127556398510933,0.0002423632176942192,"EMLP-SO(1,3)"
54,ParticleInteraction,90,,10000,SO13,trial54/,0.00017178915768454318,0.0002331064155441709,3.404381345717411e-07,0.0002473320346325636,"EMLP-SO(1,3)"
55,ParticleInteraction,30,,30000,SO13,trial55/,0.00013742492083110847,0.00016780517908046022,0.0002917481688200496,0.00016357930871890858,"EMLP-SO(1,3)"
56,ParticleInteraction,1000,,30,O13,trial56/,0.03225966542959213,0.5731601357460022,0.01868507917970419,0.5099915862083435,"EMLP-O(1,3)"
57,ParticleInteraction,1000,,100,O13,trial57/,0.0002930487389676273,0.012394016701728105,0.011510193347930908,0.009944274555891752,"EMLP-O(1,3)"
58,ParticleInteraction,1000,,300,O13,trial58/,8.16631072666496e-05,0.0017147822363767773,0.0026190479984506965,0.0017005757545121014,"EMLP-O(1,3)"
59,ParticleInteraction,900,,1000,O13,trial59/,9.17365905479528e-05,0.0003907243415596895,1.0776365797937615e-05,0.00043256962089799345,"EMLP-O(1,3)"
60,ParticleInteraction,300,,3000,O13,trial60/,0.00012476126115264682,0.00026899369913735427,1.3620096694921813e-07,0.0002103822334902361,"EMLP-O(1,3)"
61,ParticleInteraction,90,,10000,O13,trial61/,0.00020968932294636035,0.00026544657594058664,0.0007648384780623019,0.00020566074090311304,"EMLP-O(1,3)"
62,ParticleInteraction,30,,30000,O13,trial62/,0.00014783806230601234,0.00016514380331500433,0.0007155744242481887,0.0001631822597119026,"EMLP-O(1,3)"
